{
  "item": [
    { "item_id": 1, "parent_id": "p1", "name": "Smith",  "description": "description text for item 1" },
    { "item_id": 2, "parent_id": "p2", "name": "adam",  "description": "description text for item 2" },
    { "item_id": 3, "parent_id": "p3", "name": "jon",  "description": "description text for item 3" },
    { "item_id": 4, "parent_id": "p4", "name": "Kaleb",  "description": "description text for item 4" },
    { "item_id": 5, "parent_id": "p5", "name": "Anna",  "description": "description text for item 5" },
    { "item_id": 6, "parent_id": "p6", "name": "Carlos",  "description": "description text for item 6" },
    { "item_id": 7, "parent_id": "p1", "name": "Smith",  "description": "description text for item 1" },
    { "item_id": 8, "parent_id": "p2", "name": "adam",  "description": "description text for item 2" },
    { "item_id": 9, "parent_id": "p3", "name": "jon",  "description": "description text for item 3" },
    { "item_id": 10, "parent_id": "p4", "name": "Kaleb",  "description": "description text for item 4" },
    { "item_id": 11, "parent_id": "p5", "name": "Anna",  "description": "description text for item 5" },
    { "item_id": 12, "parent_id": "p6", "name": "Carlos",  "description": "description text for item 6" },
    { "item_id": 13, "parent_id": "p1", "name": "Smith",  "description": "description text for item 1" },
    { "item_id": 14, "parent_id": "p2", "name": "adam",  "description": "description text for item 2" },
    { "item_id": 15, "parent_id": "p3", "name": "jon",  "description": "description text for item 3" },
    { "item_id": 16, "parent_id": "p4", "name": "Kaleb",  "description": "description text for item 4" },
    { "item_id": 17, "parent_id": "p5", "name": "Anna",  "description": "description text for item 5" },
    { "item_id": 18, "parent_id": "p6", "name": "Carlos",  "description": "description text for item 6" },
    { "item_id": 19, "parent_id": "p1", "name": "Smith",  "description": "description text for item 1" },
    { "item_id": 20, "parent_id": "p2", "name": "adam",  "description": "description text for item 2" },
    { "item_id": 21, "parent_id": "p3", "name": "jon",  "description": "description text for item 3" },
    { "item_id": 22, "parent_id": "p4", "name": "Kaleb",  "description": "description text for item 4" },
    { "item_id": 23, "parent_id": "p5", "name": "Anna",  "description": "description text for item 5" },
    { "item_id": 24, "parent_id": "p6", "name": "Carlos",  "description": "description text for item 6" }



  ]
}